attempt_uuid,user_id,target_color_id,final_delta_e,initial_delta_e,duration_sec,num_steps,end_reason,attempt_started_server_ts,attempt_no,target_name,color_type,target_drop_red,target_drop_yellow,target_drop_white,target_drop_blue,target_drop_black,similarity,ratio_is_perfect,target_total_drops,target_recipe_entropy,target_recipe_n_components,log_final_delta_e,log_duration_sec,log_num_steps,similarity_logit,perfect_ratio,perfect_color
3e548efd-eb43-4c51-a35f-5989f1a294e8,2CJTDE,1,0.0,,2.995792,3,saved_match,2026-04-24 22:42:59.417627,1,Orange,basic,1,1,0,0,0,1.0,True,2.0,0.6931471805599453,2,0.0,1.3852418073794999,1.3862943611198906,13.815509557935018,1,1
d71b328e-ea5a-44c6-b9d3-991bd6f818c8,2CJTDE,43,8.777695575301578,,92.562797,66,reset,2026-04-24 22:39:05.020114,1,"Lab RGB(53,94,70)",lab,0,1,0,1,1,0.888888888888889,False,3.0,1.0986122886681096,3,2.280103830035218,4.538632836523506,4.204692619390966,2.0794415416798366,0,0
08e798bf-3ad2-4afe-9b4a-c46a3513f18b,2CJTDE,43,17.4173212642077,,37.234717,37,reset,2026-04-24 22:40:37.715212,2,"Lab RGB(53,94,70)",lab,0,1,0,1,1,0.7904761904761906,False,3.0,1.0986122886681096,3,2.913291594855972,3.6437439248734,3.6375861597263857,1.3277981544382826,0,0
a36726ac-2ce8-43e5-921f-1143477a3668,2CJTDE,43,2.2595289925204534,,103.710752,56,skipped,2026-04-24 22:41:15.264355,3,"Lab RGB(53,94,70)",lab,0,1,0,1,1,0.9487179487179487,False,3.0,1.0986122886681096,3,1.18158270411831,4.651201806013626,4.04305126783455,2.9177707320842785,0,0
876ab5e6-2f51-4e22-9eae-19a5dcadd3c3,2CJTDE,48,0.2871345959970383,,664.603747,147,skipped,2026-04-24 22:27:03.259204,1,"Lab RGB(102,66,103)",lab,1,1,0,2,0,0.4693877551020409,False,4.0,1.0397207708399179,3,0.2524185043400377,6.5006945189983645,4.997212273764115,-0.12260232209233202,0,0
bd8fc5ad-2016-4e7d-9ac1-2c91ed90b4fe,2CJTDE,49,0.0,,2.791597,4,saved_match,2026-04-24 22:39:00.078238,1,"Lab RGB(255,146,29)",lab,1,2,0,0,0,1.0,True,3.0,0.6365141682948128,2,0.0,1.3327873023737336,1.6094379124341003,13.815509557935018,1,1
e76a525a-9d6c-4351-bd79-2e081ede2f8c,2CJTDE,51,0.0,,14.051298,7,saved_match,2026-04-24 22:38:34.082995,1,"Lab RGB(145,205,51)",lab,0,3,0,1,0,1.0,True,4.0,0.5623351446188083,2,0.0,2.7114642333231016,2.0794415416798357,13.815509557935018,1,1
687122e7-730b-4203-b6f3-73560280a087,2CJTDE,53,0.0,,17.710369,11,saved_match,2026-04-24 22:38:08.314055,1,"Lab RGB(255,173,59)",lab,1,2,1,0,0,1.0,True,4.0,1.0397207708399179,3,0.0,2.929077862165278,2.4849066497880004,13.815509557935018,1,1
9b0e2f7e-633a-4542-bd2c-6359b6719ed4,2CJTDE,54,0.0,,3.516762,4,saved_match,2026-04-24 22:38:52.933240,1,"Lab RGB(255,146,29)",lab,1,2,0,0,0,1.0,True,3.0,0.6365141682948128,2,0.0,1.5077953654459204,1.6094379124341003,13.815509557935018,1,1
b799ba48-251c-4309-997e-10b8f855605a,J4W7CV,1,0.0,,2.286331,3,saved_match,2026-04-24 21:02:42.528564,1,Orange,basic,1,1,0,0,0,1.0,True,2.0,0.6931471805599453,2,0.0,1.1897717449133853,1.3862943611198906,13.815509557935018,1,1
29ddfa32-e4db-461e-9c30-ccf1df871722,J4W7CV,1,0.0,,2.128336,3,saved_match,2026-04-25 03:54:14.126518,2,Orange,basic,1,1,0,0,0,1.0,True,2.0,0.6931471805599453,2,0.0,1.14050123379408,1.3862943611198906,13.815509557935018,1,1
532b64e4-cd67-4f18-997f-251da707a492,J4W7CV,1,0.0,,1.771086,3,saved_match,2026-04-25 03:56:37.483625,3,Orange,basic,1,1,0,0,0,1.0,True,2.0,0.6931471805599453,2,0.0,1.0192393011264174,1.3862943611198906,13.815509557935018,1,1
1d9faac2-5de7-41ab-9b36-4cec06fd3412,J4W7CV,1,0.0,,1.601296,3,saved_match,2026-04-25 03:57:41.308986,4,Orange,basic,1,1,0,0,0,1.0,True,2.0,0.6931471805599453,2,0.0,0.9560097823752131,1.3862943611198906,13.815509557935018,1,1
d7a98a49-cf66-4b02-811a-eabb0c2ae385,J4W7CV,1,0.0,,1.955383,3,saved_match,2026-04-25 04:00:49.060297,5,Orange,basic,1,1,0,0,0,1.0,True,2.0,0.6931471805599453,2,0.0,1.083628253288407,1.3862943611198906,13.815509557935018,1,1
b1cb1da9-85d1-4c61-9f15-fbece7d45362,J4W7CV,1,0.0,,1.502849,3,saved_match,2026-04-25 05:20:42.146389,6,Orange,basic,1,1,0,0,0,1.0,True,2.0,0.6931471805599453,2,0.0,0.9174296830229822,1.3862943611198906,13.815509557935018,1,1
139c4f49-6c75-438f-bc7c-f19400195c19,J4W7CV,1,0.0,,1.042457,3,saved_match,2026-04-25 05:23:13.264944,7,Orange,basic,1,1,0,0,0,1.0,True,2.0,0.6931471805599453,2,0.0,0.7141534948988322,1.3862943611198906,13.815509557935018,1,1
31132cad-698f-42e6-bf10-fe836ed4c143,J4W7CV,1,0.0,,0.989066,3,saved_match,2026-04-25 05:37:02.145763,8,Orange,basic,1,1,0,0,0,1.0,True,2.0,0.6931471805599453,2,0.0,0.6876651818250787,1.3862943611198906,13.815509557935018,1,1
864921ec-177d-45fe-9d50-8dfa6f8c9d34,J4W7CV,1,0.0,,1.483133,3,saved_match,2026-04-25 05:39:24.883882,9,Orange,basic,1,1,0,0,0,1.0,True,2.0,0.6931471805599453,2,0.0,0.9095210693283273,1.3862943611198906,13.815509557935018,1,1
8b13042e-e67d-4d55-a251-ce8f0a4a2bde,J4W7CV,1,0.0,,1.127793,3,saved_match,2026-04-25 05:40:06.079748,10,Orange,basic,1,1,0,0,0,1.0,True,2.0,0.6931471805599453,2,0.0,0.755085292311843,1.3862943611198906,13.815509557935018,1,1
37a642f0-3c5d-42d0-983d-85ce2a154180,J4W7CV,1,0.0,,1.701009,3,saved_match,2026-04-25 05:42:05.633035,11,Orange,basic,1,1,0,0,0,1.0,True,2.0,0.6931471805599453,2,0.0,0.9936254069041496,1.3862943611198906,13.815509557935018,1,1
e5ac15a5-e8f0-45aa-8d37-aa57b0d5c7f7,J4W7CV,1,0.0,,1.053566,3,saved_match,2026-04-25 05:48:18.406222,12,Orange,basic,1,1,0,0,0,1.0,True,2.0,0.6931471805599453,2,0.0,0.7195777941463459,1.3862943611198906,13.815509557935018,1,1
6ab96120-b285-46f9-8ee2-515596552cd7,J4W7CV,1,0.0,,1.333126,3,saved_match,2026-04-25 05:49:04.474325,13,Orange,basic,1,1,0,0,0,1.0,True,2.0,0.6931471805599453,2,0.0,0.8472089992963167,1.3862943611198906,13.815509557935018,1,1
850b246e-76a2-4b0b-b1dc-cb18c10cdcd4,J4W7CV,1,0.0,,1.120776,3,saved_match,2026-04-25 05:49:41.058502,14,Orange,basic,1,1,0,0,0,1.0,True,2.0,0.6931471805599453,2,0.0,0.7517820594443013,1.3862943611198906,13.815509557935018,1,1
78db20a3-fe9b-465e-b802-dfd985f36bfc,J4W7CV,1,0.0,,1.424097,3,saved_match,2026-04-25 05:49:43.161129,15,Orange,basic,1,1,0,0,0,1.0,True,2.0,0.6931471805599453,2,0.0,0.8854590839080794,1.3862943611198906,13.815509557935018,1,1
f2540c6b-5fe1-466a-a745-c2afb67fb888,J4W7CV,2,0.0,,2.94168,5,saved_match,2026-04-24 18:58:53.847609,1,Purple,basic,1,0,0,1,0,1.0,True,2.0,0.6931471805599453,2,0.0,1.3716070283680135,1.791759469228055,13.815509557935018,1,1
54ceed63-920c-493b-92fa-5464da619106,J4W7CV,2,0.0,,1.568181,3,saved_match,2026-04-24 20:39:17.264038,2,Purple,basic,1,0,0,1,0,1.0,True,2.0,0.6931471805599453,2,0.0,0.9431978662099578,1.3862943611198906,13.815509557935018,1,1
fd599eb8-648c-495d-a337-8751dd876687,J4W7CV,2,0.0,,2.065221,3,saved_match,2026-04-24 21:02:12.487151,3,Purple,basic,1,0,0,1,0,1.0,True,2.0,0.6931471805599453,2,0.0,1.1201196711933448,1.3862943611198906,13.815509557935018,1,1
eb1007ab-e6e0-429f-9e78-002033d9e4fc,J4W7CV,2,0.0,,2.113457,3,saved_match,2026-04-25 03:54:29.117887,4,Purple,basic,1,0,0,1,0,1.0,True,2.0,0.6931471805599453,2,0.0,1.1357336844111676,1.3862943611198906,13.815509557935018,1,1
93b8051f-c0dc-42f0-b48c-9e4be86d3fd5,J4W7CV,2,0.0,,2.625934,3,saved_match,2026-04-25 03:56:41.043352,5,Purple,basic,1,0,0,1,0,1.0,True,2.0,0.6931471805599453,2,0.0,1.2881119102916585,1.3862943611198906,13.815509557935018,1,1
c4b7cec9-7e00-400c-b617-db082b9c3080,J4W7CV,2,0.0,,2.220515,3,saved_match,2026-04-25 03:57:15.172060,6,Purple,basic,1,0,0,1,0,1.0,True,2.0,0.6931471805599453,2,0.0,1.169541284655815,1.3862943611198906,13.815509557935018,1,1
d54a7a0a-833f-41f8-abd9-7d88f61ed38c,J4W7CV,2,0.0,,1.633132,3,saved_match,2026-04-25 05:23:00.716750,7,Purple,basic,1,0,0,1,0,1.0,True,2.0,0.6931471805599453,2,0.0,0.9681740121857779,1.3862943611198906,13.815509557935018,1,1
64d961a5-65b8-4599-9273-fd46b444ee04,J4W7CV,2,0.0,,1.305829,3,saved_match,2026-04-25 05:37:27.305688,8,Purple,basic,1,0,0,1,0,1.0,True,2.0,0.6931471805599453,2,0.0,0.8354402647174167,1.3862943611198906,13.815509557935018,1,1
536d1cda-53a5-46dd-b95e-d2ea5629957a,J4W7CV,2,0.0,,3.453678,5,saved_match,2026-04-25 05:39:58.720864,9,Purple,basic,1,0,0,1,0,1.0,True,2.0,0.6931471805599453,2,0.0,1.4937302716551162,1.791759469228055,13.815509557935018,1,1
6b757a75-daa5-4a6d-a5f7-3c923247de2c,J4W7CV,2,0.0,,2.296307,5,saved_match,2026-04-25 05:40:49.158527,10,Purple,basic,1,0,0,1,0,1.0,True,2.0,0.6931471805599453,2,0.0,1.19280275091355,1.791759469228055,13.815509557935018,1,1
886527b9-5f84-4ee4-8626-53265dfda034,J4W7CV,2,0.0,,1.55626,3,saved_match,2026-04-25 05:41:26.858720,11,Purple,basic,1,0,0,1,0,1.0,True,2.0,0.6931471805599453,2,0.0,0.9385452527817632,1.3862943611198906,13.815509557935018,1,1
a2467653-5ce9-40da-9edd-547a67f42ec2,J4W7CV,2,0.0,,1.298297,3,saved_match,2026-04-25 05:41:57.588847,12,Purple,basic,1,0,0,1,0,1.0,True,2.0,0.6931471805599453,2,0.0,0.8321684138952736,1.3862943611198906,13.815509557935018,1,1
9bd44268-fcaf-4e1a-a77b-7685950853c3,J4W7CV,2,0.0,,1.741828,3,saved_match,2026-04-25 05:48:13.414822,13,Purple,basic,1,0,0,1,0,1.0,True,2.0,0.6931471805599453,2,0.0,1.00862485123683,1.3862943611198906,13.815509557935018,1,1
11c9f55f-b850-43ca-a606-2c2be7a042ea,J4W7CV,2,0.0,,1.168635,3,saved_match,2026-04-25 05:48:51.287552,14,Purple,basic,1,0,0,1,0,1.0,True,2.0,0.6931471805599453,2,0.0,0.7740979373705082,1.3862943611198906,13.815509557935018,1,1
05b56048-ee13-4282-b75f-79c978b74dc7,J4W7CV,2,0.0,,1.20641,3,saved_match,2026-04-25 05:49:35.155374,15,Purple,basic,1,0,0,1,0,1.0,True,2.0,0.6931471805599453,2,0.0,0.7913667603163903,1.3862943611198906,13.815509557935018,1,1
8c308122-ac37-468d-8a28-91e56b1926c4,J4W7CV,3,0.0,,2.419359,5,saved_match,2026-04-24 20:39:05.513145,1,Green,basic,0,1,0,1,0,1.0,True,2.0,0.6931471805599453,2,0.0,1.2294531066073124,1.791759469228055,13.815509557935018,1,1
961f3dea-4e5d-4c7c-947e-ffee48f2d7cf,J4W7CV,3,0.0,,2.201759,3,saved_match,2026-04-24 21:02:38.310745,2,Green,basic,0,1,0,1,0,1.0,True,2.0,0.6931471805599453,2,0.0,1.1637003462828481,1.3862943611198906,13.815509557935018,1,1
24a11755-fa5b-471e-9e2a-b14144f50c24,J4W7CV,3,0.0,,3.120008,5,saved_match,2026-04-25 03:54:19.199843,3,Green,basic,0,1,0,1,0,1.0,True,2.0,0.6931471805599453,2,0.0,1.4158551051071226,1.791759469228055,13.815509557935018,1,1
cbb241db-0236-47ce-ac2f-08944aba8090,J4W7CV,3,0.0,,2.112124,3,saved_match,2026-04-25 03:56:00.804077,4,Green,basic,0,1,0,1,0,1.0,True,2.0,0.6931471805599453,2,0.0,1.1353054512806788,1.3862943611198906,13.815509557935018,1,1
ea965fbb-97a4-4d8f-a20f-f7ef84432182,J4W7CV,3,0.0,,2.434069,3,saved_match,2026-04-25 03:57:53.163192,5,Green,basic,0,1,0,1,0,1.0,True,2.0,0.6931471805599453,2,0.0,1.2337458554592076,1.3862943611198906,13.815509557935018,1,1
f052303e-9308-4180-b18e-80d249297b90,J4W7CV,3,0.0,,1.833566,3,saved_match,2026-04-25 04:00:40.448903,6,Green,basic,0,1,0,1,0,1.0,True,2.0,0.6931471805599453,2,0.0,1.0415359891037506,1.3862943611198906,13.815509557935018,1,1
5140a0a8-1584-4b79-ac43-0853223d632c,J4W7CV,3,0.0,,2.435261,5,saved_match,2026-04-25 05:22:13.737799,7,Green,basic,0,1,0,1,0,1.0,True,2.0,0.6931471805599453,2,0.0,1.2340929053205374,1.791759469228055,13.815509557935018,1,1
6fa8cad1-e347-40bd-a5d6-2c1b8842318e,J4W7CV,3,0.0,,1.565905,3,saved_match,2026-04-25 05:37:04.376256,8,Green,basic,0,1,0,1,0,1.0,True,2.0,0.6931471805599453,2,0.0,0.9423112429048176,1.3862943611198906,13.815509557935018,1,1
df84bf11-37e5-4251-a371-f02f8cf0fd41,J4W7CV,3,0.0,,2.99809,5,saved_match,2026-04-25 05:39:15.686163,9,Green,basic,0,1,0,1,0,1.0,True,2.0,0.6931471805599453,2,0.0,1.3858167470804617,1.791759469228055,13.815509557935018,1,1
c7e591fc-b17e-4e55-baa0-861011bea4b1,J4W7CV,3,0.0,,1.432645,3,saved_match,2026-04-25 05:39:52.417215,10,Green,basic,0,1,0,1,0,1.0,True,2.0,0.6931471805599453,2,0.0,0.888979142756743,1.3862943611198906,13.815509557935018,1,1
40eb79d0-d6db-4a35-8060-f682acd59d28,J4W7CV,3,0.0,,2.618199,5,saved_match,2026-04-25 05:40:38.262962,11,Green,basic,0,1,0,1,0,1.0,True,2.0,0.6931471805599453,2,0.0,1.2859763882244648,1.791759469228055,13.815509557935018,1,1
ad925822-d933-4cd0-b37b-f94da51eaa84,J4W7CV,3,0.0,,1.287031,3,saved_match,2026-04-25 05:41:14.851111,12,Green,basic,0,1,0,1,0,1.0,True,2.0,0.6931471805599453,2,0.0,0.8272544698241602,1.3862943611198906,13.815509557935018,1,1
4d3ab883-74c8-436b-bc55-dd75490b118b,J4W7CV,3,0.0,,1.166278,3,saved_match,2026-04-25 05:48:31.800224,13,Green,basic,0,1,0,1,0,1.0,True,2.0,0.6931471805599453,2,0.0,0.7730104875267526,1.3862943611198906,13.815509557935018,1,1
b6906774-789c-46b0-8522-2d66d2c54877,J4W7CV,3,0.0,,3.376698,3,saved_match,2026-04-25 05:48:40.256644,14,Green,basic,0,1,0,1,0,1.0,True,2.0,0.6931471805599453,2,0.0,1.4762945587984246,1.3862943611198906,13.815509557935018,1,1
b89179cb-bd4f-47f8-a479-dbbbb4ed3058,J4W7CV,3,0.0,,4.106003,5,saved_match,2026-04-25 05:49:27.106960,15,Green,basic,0,1,0,1,0,1.0,True,2.0,0.6931471805599453,2,0.0,1.6304169063631853,1.791759469228055,13.815509557935018,1,1
c7fb9209-44e3-40ad-94e5-7493637b75f6,J4W7CV,5,1.2010163562145364,,52.471304,58,skipped,2026-04-24 18:56:32.807991,1,Olive,basic,1,3,0,2,1,0.974025974025974,False,7.0,1.277034259466139,4,0.7889192337818363,3.979145136170283,4.07753744390572,3.6243409329763647,0,0
0730f5cf-6b5e-4e50-ad09-30c9911e3c51,J4W7CV,8,9.184783283059295,,48.62997,67,reset,2026-04-24 19:00:06.534227,1,Coral,basic,6,4,5,0,0,0.8150537634408602,False,15.0,1.0851886129676505,3,2.320894771402245,3.9045948851260657,4.219507705176107,1.4831889088289185,0,0
6145db24-bae0-44be-8348-f3b6644b5136,J4W7CV,8,2.963441911718123,,21.190802,20,skipped,2026-04-24 19:00:55.378278,2,Coral,basic,6,4,5,0,0,0.9333333333333333,False,15.0,1.0851886129676505,3,1.3771128173829892,3.099677878697871,3.044522437723423,2.639057329615259,0,0
89f0e1aa-37ee-46e1-a102-60c92bacefce,J4W7CV,10,1.705197705229305,,41.579015,46,skipped,2026-04-24 18:58:58.318562,1,Chartreuse,basic,0,7,4,4,0,0.9505376344086022,False,15.0,1.0606018056124555,3,0.9951749984369429,3.7513615262715065,3.8501476017100584,2.955815666148549,0,0
572b1a1a-b4fe-4e8c-945a-c6c9966a79a3,J4W7CV,19,,,39438.646689,0,abandoned,2026-04-24 17:33:23.105904,1,#A97367,skin,3,1,8,0,6,,,18.0,1.1858203126288678,4,,10.582526850486792,0.0,,0,0
57941ab0-8102-4f0b-b430-41cf16c7ae23,J4W7CV,19,2.4083876084943747,,20.840082,18,skipped,2026-04-24 18:56:11.612565,2,#A97367,skin,3,1,8,0,6,0.4222222222222223,False,18.0,1.1858203126288678,4,1.2262393373865945,3.0837469054484106,2.9444389791664403,-0.3136575588550413,0,0
1b0f418e-323f-410b-8c85-1867cfbfeb7e,J4W7CV,20,0.8447671569890048,,25.980012,30,skipped,2026-04-24 18:59:40.245203,1,#CB9781,skin,2,1,6,0,2,0.7012987012987013,False,11.0,1.1685184057430877,4,0.6123530673543449,3.2950962955534173,3.4339872044851463,0.8534898306351247,0,0
3a11c9ff-1205-4ed7-861e-31aba89bb4c7,J4W7CV,22,1.0391585784421071,,34.680785,47,skipped,2026-04-24 19:01:16.797716,1,#E8B7BA,skin,1,0,7,0,1,0.8169934640522876,False,9.0,0.6837389058487535,3,0.7125372612224768,3.5746123085908637,3.871201010907891,1.496109227127097,0,0
9b2ba9a4-f6bf-4b02-a8d9-b01aa4d8ee45,J4W7CV,28,1.3472871116444862,,43.500507,38,skipped,2026-04-25 06:25:51.305900,1,#A07E63,skin,1,1,2,0,2,0.4946236559139785,False,6.0,1.3296613488547582,4,0.8532602407225477,3.795500582365719,3.6635616461296463,-0.02150620522096362,0,0
b6e9c494-e126-41a8-83ce-fb34539add2a,J4W7CV,28,0.5511513348677711,,36.78228,28,skipped,2026-04-26 05:04:01.801626,2,#A07E63,skin,1,1,2,0,2,0.42028985507246375,False,6.0,1.3296613488547582,4,0.43899745188311523,3.6318402096436246,3.367295829986474,-0.32158362412746233,0,0
4b452d82-d9a9-401c-874b-3e0c5ffa391a,J4W7CV,28,0.36567413115370845,,69.928136,58,skipped,2026-04-26 05:07:27.150186,3,#A07E63,skin,1,1,2,0,2,0.4301075268817205,False,6.0,1.3296613488547582,4,0.31164817570085335,4.26166719543826,4.07753744390572,-0.2814124594381853,0,0
6cb59227-c852-45c2-b503-76e57428aa76,J4W7CV,28,1.513661262997517,,41.429626,34,skipped,2026-04-26 05:08:46.508019,4,#A07E63,skin,1,1,2,0,2,0.44444444444444453,False,6.0,1.3296613488547582,4,0.92174036083421,3.7478468446573556,3.5553480614894135,-0.22314355131420943,0,0
ba4bab5d-e0d4-46bc-b352-33f6959de145,J4W7CV,30,2.9948863672367088,,22.700818,21,skipped,2026-04-24 19:01:51.699414,1,#584B42,skin,1,1,3,0,9,0.4206349206349206,False,14.0,0.9911388966130941,4,1.3850151350682023,3.1655095623133973,3.091042453358316,-0.3201675275962696,0,0
b9413d99-0248-47ea-a677-d7e552d9f010,J4W7CV,31,1.6194625351706387,,38.920023,41,skipped,2026-04-24 18:58:14.481196,1,#7B5749,skin,2,1,4,0,7,0.42261904761904756,False,14.0,1.1709971261162124,4,0.9629691574812241,3.686878027595402,3.7376696182833684,-0.31203110146206764,0,0
52014b05-aab5-4050-8cfb-12e48927e7f9,J4W7CV,33,0.5554693448324449,,48.677916,60,skipped,2026-04-24 18:57:25.512508,1,#583E2D,skin,1,1,2,0,8,0.6839080459770115,False,12.0,0.9830877585747855,4,0.4417773295640864,3.9055604882751522,4.110873864173311,0.7717903078790584,0,0
7f0d83be-c41c-4215-8aff-a1c950c9f6c4,J4W7CV,36,0.8243691107865765,,31.177317,35,skipped,2026-04-24 17:32:51.726057,1,#8F7868,skin,1,1,6,0,6,0.2991071428571429,False,14.0,1.1032634988483543,4,0.6012342345492684,3.471261763321432,3.58351893845611,-0.8515531859573419,0,0
fab03b31-4633-4437-9fa8-17acaa3344f5,J4W7CV,37,,,,0,,2026-04-24 19:02:14.647367,1,#9F7954,skin,7,10,5,5,1,,,28.0,1.4485758995441804,5,,,0.0,,0,0
3e1f4bb1-c3b9-4b96-99df-a5526daa0e7a,J4W7CV,39,1.087672656980835,,24.283996,25,skipped,2026-04-24 18:55:46.868072,1,#9D7248,skin,4,5,8,1,10,0.3571428571428571,False,28.0,1.430284857674161,5,0.7360498842535347,3.2301716264072238,3.258096538021482,-0.5877866649021192,0,0
aa3c9b94-0950-4f36-a1a3-5792ddc644bf,J4W7CV,41,0.0,,3.752371,6,saved_match,2026-04-25 06:03:32.653339,1,"Lab RGB(180,148,51)",lab,1,3,0,1,0,1.0,True,5.0,0.9502705392332347,3,0.0,1.5586436514034256,1.9459101490553132,13.815509557935018,1,1
1bac6569-0196-49c3-9a68-17f7bd2cbd9c,J4W7CV,41,0.6480112098208688,,49.430446,34,skipped,2026-04-25 06:04:44.362428,2,"Lab RGB(180,148,51)",lab,1,3,0,1,0,0.8888888888888888,False,5.0,0.9502705392332347,3,0.49956923353991584,3.9205950799916245,3.5553480614894135,2.0794415416798353,0,0
842092bd-c329-401e-9174-e4ade8b824e3,J4W7CV,41,0.0,,3.928071,6,saved_match,2026-04-25 06:06:02.073015,3,"Lab RGB(180,148,51)",lab,1,3,0,1,0,1.0,True,5.0,0.9502705392332347,3,0.0,1.5949476335949646,1.9459101490553132,13.815509557935018,1,1
5dea41a8-7685-47cf-9720-fd12ae7b1657,J4W7CV,41,0.0,,14.54396,14,saved_match,2026-04-25 06:08:01.712272,4,"Lab RGB(180,148,51)",lab,1,3,0,1,0,1.0,True,5.0,0.9502705392332347,3,0.0,2.7436721387316325,2.70805020110221,13.815509557935018,1,1
4084607a-79f4-41da-8b64-f46e60594c1d,J4W7CV,41,2.165463593920548,,144.714927,135,skipped,2026-04-25 06:13:45.940234,5,"Lab RGB(180,148,51)",lab,1,3,0,1,0,0.8944444444444445,False,5.0,0.9502705392332347,3,1.152299520042068,4.981652158193711,4.912654885736052,2.136965385818023,0,0
94a7caa9-42ec-429d-9cf6-9645cd7ffa18,J4W7CV,41,0.0,,14.443691,16,saved_match,2026-04-25 06:17:17.288460,6,"Lab RGB(180,148,51)",lab,1,3,0,1,0,1.0,True,5.0,0.9502705392332347,3,0.0,2.737200570431824,2.833213344056216,13.815509557935018,1,1
5b613286-b975-42c0-80b2-9be37f5c1bbc,J4W7CV,41,0.0,,29.104507,33,saved_match,2026-04-25 06:18:16.158614,7,"Lab RGB(180,148,51)",lab,1,3,0,1,0,1.0,True,5.0,0.9502705392332347,3,0.0,3.40467489476505,3.5263605246161616,13.815509557935018,1,1
23e05fc8-45f4-4468-8b6b-c226df6fa9c5,J4W7CV,41,0.0,,7.296098,10,saved_match,2026-04-25 06:20:49.381768,8,"Lab RGB(180,148,51)",lab,1,3,0,1,0,1.0,True,5.0,0.9502705392332347,3,0.0,2.1157852837793443,2.3978952727983707,13.815509557935018,1,1
f9665d0d-e1ec-4144-8728-d265f5026fef,J4W7CV,41,0.0,,3.95367,6,saved_match,2026-04-25 06:21:33.636688,9,"Lab RGB(180,148,51)",lab,1,3,0,1,0,1.0,True,5.0,0.9502705392332347,3,0.0,1.6001287160103235,1.9459101490553132,13.815509557935018,1,1
80b8615a-826c-4351-902d-9e4f5bf76f64,J4W7CV,41,0.0,,7.576033,8,saved_match,2026-04-25 06:23:07.936742,10,"Lab RGB(180,148,51)",lab,1,3,0,1,0,1.0,True,5.0,0.9502705392332347,3,0.0,2.148971452268804,2.1972245773362196,13.815509557935018,1,1
15ce9c77-ee6f-4dae-9247-e4faed76bc91,J4W7CV,41,,,4.053644,0,abandoned,2026-04-25 06:26:35.099774,11,"Lab RGB(180,148,51)",lab,1,3,0,1,0,,,5.0,0.9502705392332347,3,,1.620109567229007,0.0,,0,0
30b3911b-afa3-4988-910b-7637e80d3282,J4W7CV,41,5.531169746682296,,24.519731,21,reset,2026-04-26 04:25:42.473041,12,"Lab RGB(180,148,51)",lab,1,3,0,1,0,0.8210526315789474,False,5.0,0.9502705392332347,3,1.8765860615002778,3.239451917668684,3.091042453358316,1.5234954826333755,0,0
c687d137-c21e-49d0-9a7f-462810785e05,J4W7CV,41,0.0,,62.490112,48,saved_match,2026-04-26 04:26:07.390887,13,"Lab RGB(180,148,51)",lab,1,3,0,1,0,1.0,True,5.0,0.9502705392332347,3,0.0,4.150884177238135,3.8918202981106265,13.815509557935018,1,1
7f0a374b-572b-4a81-9ee5-9a179f175fb8,J4W7CV,41,0.0,,7.912139,12,saved_match,2026-04-26 05:08:37.467789,14,"Lab RGB(180,148,51)",lab,1,3,0,1,0,1.0,True,5.0,0.9502705392332347,3,0.0,2.1874142800112324,2.5649493574615367,13.815509557935018,1,1
70b07bb0-e450-44fb-9a11-306fdb5ccde7,J4W7CV,43,0.0,,7.739934,11,saved_match,2026-04-24 20:38:55.325841,1,"Lab RGB(53,94,70)",lab,0,1,0,1,1,1.0,True,3.0,1.0986122886681096,3,0.0,2.167902638151517,2.4849066497880004,13.815509557935018,1,1
9fca7c1a-96be-400d-98ab-751dc59ea3ef,J4W7CV,43,0.0,,5.706928,8,saved_match,2026-04-24 21:02:17.605250,2,"Lab RGB(53,94,70)",lab,0,1,0,1,1,1.0,True,3.0,1.0986122886681096,3,0.0,1.9031410220070493,2.1972245773362196,13.815509557935018,1,1
a86ed750-2f07-4093-a659-5b94cab7b239,J4W7CV,43,0.0,,6.763165,7,saved_match,2026-04-25 03:54:33.002431,3,"Lab RGB(53,94,70)",lab,0,1,0,1,1,1.0,True,3.0,1.0986122886681096,3,0.0,2.0493901118672526,2.0794415416798357,13.815509557935018,1,1
f29deca7-435c-4f60-9974-b29f28a048ed,J4W7CV,43,0.0,,9.653903,10,saved_match,2026-04-25 03:56:25.610660,4,"Lab RGB(53,94,70)",lab,0,1,0,1,1,1.0,True,3.0,1.0986122886681096,3,0.0,2.3659263038916936,2.3978952727983707,13.815509557935018,1,1
513c9b92-a178-480a-a63a-f2e84eb132a0,J4W7CV,43,0.0,,12.900824,15,saved_match,2026-04-25 03:57:19.164452,5,"Lab RGB(53,94,70)",lab,0,1,0,1,1,1.0,True,3.0,1.0986122886681096,3,0.0,2.6319481189551617,2.772588722239781,13.815509557935018,1,1
72200350-1556-42c7-a753-6f7008e81bfe,J4W7CV,43,0.0,,8.291173,11,saved_match,2026-04-25 04:00:12.381544,6,"Lab RGB(53,94,70)",lab,0,1,0,1,1,1.0,True,3.0,1.0986122886681096,3,0.0,2.2290648096558794,2.4849066497880004,13.815509557935018,1,1
b291c994-05a5-4908-a171-87ab360aa704,J4W7CV,43,0.0,,4.117271,4,saved_match,2026-04-25 05:20:34.094431,7,"Lab RGB(53,94,70)",lab,0,1,0,1,1,1.0,True,3.0,1.0986122886681096,3,0.0,1.6326212891397567,1.6094379124341003,13.815509557935018,1,1
ea83e78a-82f2-4998-b892-498295c5bb35,J4W7CV,43,0.0,,8.468884,10,saved_match,2026-04-25 05:22:16.980563,8,"Lab RGB(53,94,70)",lab,0,1,0,1,1,1.0,True,3.0,1.0986122886681096,3,0.0,2.248011054424688,2.3978952727983707,13.815509557935018,1,1
448a44f2-c4a6-4ee0-9642-e9ba2a6f0a1a,J4W7CV,43,0.0,,4.958117,8,saved_match,2026-04-25 05:23:03.135574,9,"Lab RGB(53,94,70)",lab,0,1,0,1,1,1.0,True,3.0,1.0986122886681096,3,0.0,1.7847544915605138,2.1972245773362196,13.815509557935018,1,1
be57a700-1599-4a37-964c-18ee838132a2,J4W7CV,43,0.0,,3.210577,4,saved_match,2026-04-25 05:37:23.408599,10,"Lab RGB(53,94,70)",lab,0,1,0,1,1,1.0,True,3.0,1.0986122886681096,3,0.0,1.437599692934991,1.6094379124341003,13.815509557935018,1,1
40c0bfa7-5e15-4bcd-b6a9-63e754dbaa34,J4W7CV,43,0.0,,2.731185,4,saved_match,2026-04-25 05:39:27.238189,11,"Lab RGB(53,94,70)",lab,0,1,0,1,1,1.0,True,3.0,1.0986122886681096,3,0.0,1.3167258775715267,1.6094379124341003,13.815509557935018,1,1
ae0f4f36-57b0-44bf-9e39-b590a812f394,J4W7CV,43,0.0,,4.203688,6,saved_match,2026-04-25 05:40:08.432223,12,"Lab RGB(53,94,70)",lab,0,1,0,1,1,1.0,True,3.0,1.0986122886681096,3,0.0,1.6493676049713235,1.9459101490553132,13.815509557935018,1,1
acf1c1b9-b700-49f5-8149-9797cc7583ed,J4W7CV,43,0.0,,10.759021,18,saved_match,2026-04-25 05:40:26.628958,13,"Lab RGB(53,94,70)",lab,0,1,0,1,1,1.0,True,3.0,1.0986122886681096,3,0.0,2.464620690705829,2.9444389791664403,13.815509557935018,1,1
033c5932-a9d0-4c60-9099-2e5e79acf2d3,J4W7CV,43,0.0,,2.531102,4,saved_match,2026-04-25 05:41:11.652989,14,"Lab RGB(53,94,70)",lab,0,1,0,1,1,1.0,True,3.0,1.0986122886681096,3,0.0,1.2616100035298776,1.6094379124341003,13.815509557935018,1,1
dc39cab0-5f0f-4e73-9517-34ca035cd67c,J4W7CV,43,0.0,,5.100065,6,saved_match,2026-04-25 05:41:59.544201,15,"Lab RGB(53,94,70)",lab,0,1,0,1,1,1.0,True,3.0,1.0986122886681096,3,0.0,1.8082994268601984,1.9459101490553132,13.815509557935018,1,1
015734af-b2ed-4207-951e-a99de5419608,J4W7CV,44,0.0,,6.034765,6,saved_match,2026-04-25 06:02:43.343808,1,"Lab RGB(83,51,44)",lab,1,1,0,1,2,1.0,True,5.0,1.3321790402101223,4,0.0,1.950864285601874,1.9459101490553132,13.815509557935018,1,1
348427b2-6215-46f7-bc05-19be3505645c,J4W7CV,44,0.0,,7.518927,8,saved_match,2026-04-25 06:03:49.730393,2,"Lab RGB(83,51,44)",lab,1,1,0,1,2,1.0,True,5.0,1.3321790402101223,4,0.0,2.1422903939431106,2.1972245773362196,13.815509557935018,1,1
1c197621-bc89-4605-af6d-2b534c93947c,J4W7CV,44,0.0,,4.226059,6,saved_match,2026-04-25 06:06:07.219424,3,"Lab RGB(83,51,44)",lab,1,1,0,1,2,1.0,True,5.0,1.3321790402101223,4,0.0,1.6536574567400122,1.9459101490553132,13.815509557935018,1,1
a96dda2e-2ac6-45bd-9188-0dbdcbf9ba3b,J4W7CV,44,0.0,,4.984652,6,saved_match,2026-04-25 06:07:34.078460,4,"Lab RGB(83,51,44)",lab,1,1,0,1,2,1.0,True,5.0,1.3321790402101223,4,0.0,1.7891981919560207,1.9459101490553132,13.815509557935018,1,1
f3ffdbb8-e540-42c0-a193-380bfe54fe37,J4W7CV,44,0.0,,3.755177,6,saved_match,2026-04-25 06:13:16.957714,5,"Lab RGB(83,51,44)",lab,1,1,0,1,2,1.0,True,5.0,1.3321790402101223,4,0.0,1.559233919279322,1.9459101490553132,13.815509557935018,1,1
5ae7a574-27a4-4de3-9155-28e606a43bcb,J4W7CV,44,0.0,,4.016798,6,saved_match,2026-04-25 06:17:09.828572,6,"Lab RGB(83,51,44)",lab,1,1,0,1,2,1.0,True,5.0,1.3321790402101223,4,0.0,1.6127918815860938,1.9459101490553132,13.815509557935018,1,1
bbe592e6-c0aa-44e5-8e4e-1d7516d36203,J4W7CV,44,0.0,,3.993087,6,saved_match,2026-04-25 06:18:11.502283,7,"Lab RGB(83,51,44)",lab,1,1,0,1,2,1.0,True,5.0,1.3321790402101223,4,0.0,1.6080543557608211,1.9459101490553132,13.815509557935018,1,1
c7e6f5c8-4736-4188-a55f-3b0665ad481e,J4W7CV,44,0.0,,4.557072,6,saved_match,2026-04-25 06:20:20.419594,8,"Lab RGB(83,51,44)",lab,1,1,0,1,2,1.0,True,5.0,1.3321790402101223,4,0.0,1.7150713508451236,1.9459101490553132,13.815509557935018,1,1
c7034dd6-a84c-449b-8905-eda231cf8d1d,J4W7CV,44,0.0,,3.293932,6,saved_match,2026-04-25 06:21:38.563751,9,"Lab RGB(83,51,44)",lab,1,1,0,1,2,1.0,True,5.0,1.3321790402101223,4,0.0,1.4572028632808949,1.9459101490553132,13.815509557935018,1,1
a7b4ac9a-b184-47cd-9902-efebf7fe1396,J4W7CV,44,0.0,,4.253777,6,saved_match,2026-04-25 06:23:02.939554,10,"Lab RGB(83,51,44)",lab,1,1,0,1,2,1.0,True,5.0,1.3321790402101223,4,0.0,1.6589472465102795,1.9459101490553132,13.815509557935018,1,1
acc35bb4-abb8-4c1b-a64c-228c9597f5fa,J4W7CV,44,0.0,,5.286544,6,saved_match,2026-04-26 04:27:15.539265,11,"Lab RGB(83,51,44)",lab,1,1,0,1,2,1.0,True,5.0,1.3321790402101223,4,0.0,1.8384114761517145,1.9459101490553132,13.815509557935018,1,1
c9e4afcb-d0e1-448a-9421-8f91664e443f,J4W7CV,44,0.0,,5.017222,6,saved_match,2026-04-26 05:07:21.379464,12,"Lab RGB(83,51,44)",lab,1,1,0,1,2,1.0,True,5.0,1.3321790402101223,4,0.0,1.7946256910204492,1.9459101490553132,13.815509557935018,1,1
de61995b-5d12-44c3-a51e-51f8892c1fe0,J4W7CV,45,0.0,,5.06382,6,saved_match,2026-04-25 06:03:09.138085,1,"Lab RGB(80,55,127)",lab,1,1,0,3,0,1.0,True,5.0,0.9502705392332347,3,0.0,1.8023399645222016,1.9459101490553132,13.815509557935018,1,1
3208d129-54ea-4d56-9b9c-534f54f518ad,J4W7CV,45,0.0,,3.985881,6,saved_match,2026-04-25 06:05:36.060360,2,"Lab RGB(80,55,127)",lab,1,1,0,3,0,1.0,True,5.0,0.9502705392332347,3,0.0,1.606610117989433,1.9459101490553132,13.815509557935018,1,1
d9cfa89a-b21a-4a1f-a51e-970ea1b0160c,J4W7CV,45,0.0,,4.255302,6,saved_match,2026-04-25 06:06:43.217087,3,"Lab RGB(80,55,127)",lab,1,1,0,3,0,1.0,True,5.0,0.9502705392332347,3,0.0,1.6592374717546998,1.9459101490553132,13.815509557935018,1,1
248a8339-ba4e-4ab9-af3f-3aa00345b05c,J4W7CV,45,0.0,,2.548284,6,saved_match,2026-04-25 06:06:49.041003,4,"Lab RGB(80,55,127)",lab,1,1,0,3,0,1.0,True,5.0,0.9502705392332347,3,0.0,1.266464106339724,1.9459101490553132,13.815509557935018,1,1
4a4df5fe-5e6d-4399-9dcc-ac441fa6d48d,J4W7CV,45,0.0,,6.495342,8,saved_match,2026-04-25 06:16:10.988821,5,"Lab RGB(80,55,127)",lab,1,1,0,3,0,1.0,True,5.0,0.9502705392332347,3,0.0,2.0142817609338053,2.1972245773362196,13.815509557935018,1,1
f4c34e92-31fa-4c94-bb5f-47c4ce247186,J4W7CV,45,0.0,,6.368557,8,saved_match,2026-04-25 06:16:36.883112,6,"Lab RGB(80,55,127)",lab,1,1,0,3,0,1.0,True,5.0,0.9502705392332347,3,0.0,1.9972218932726646,2.1972245773362196,13.815509557935018,1,1
59ab30c0-271a-4914-9d1d-0364433ad3e8,J4W7CV,45,0.0,,7.855477,8,saved_match,2026-04-25 06:18:58.419592,7,"Lab RGB(80,55,127)",lab,1,1,0,3,0,1.0,True,5.0,0.9502705392332347,3,0.0,2.1810361376552345,2.1972245773362196,13.815509557935018,1,1
57517216-9e94-4e7a-b4e7-4dc973c52154,J4W7CV,45,0.0,,3.771136,6,saved_match,2026-04-25 06:19:47.793980,8,"Lab RGB(80,55,127)",lab,1,1,0,3,0,1.0,True,5.0,0.9502705392332347,3,0.0,1.5625844316820854,1.9459101490553132,13.815509557935018,1,1
8264c5de-7c70-4e1c-9165-693ac4ad3616,J4W7CV,45,0.0,,10.158194,10,saved_match,2026-04-25 06:22:34.647984,9,"Lab RGB(80,55,127)",lab,1,1,0,3,0,1.0,True,5.0,0.9502705392332347,3,0.0,2.412174115900619,2.3978952727983707,13.815509557935018,1,1
81549087-efb0-41af-aa20-2a716056b45b,J4W7CV,45,0.0,,8.611255,12,saved_match,2026-04-25 06:22:45.813716,10,"Lab RGB(80,55,127)",lab,1,1,0,3,0,1.0,True,5.0,0.9502705392332347,3,0.0,2.2629348075878144,2.5649493574615367,13.815509557935018,1,1
03951dd9-ba2f-4f2a-b5e1-8da46f3e4146,J4W7CV,45,0.0,,4.287414,8,saved_match,2026-04-25 06:25:40.630034,11,"Lab RGB(80,55,127)",lab,1,1,0,3,0,1.0,True,5.0,0.9502705392332347,3,0.0,1.6653292794647097,2.1972245773362196,13.815509557935018,1,1
1398104f-82da-410e-8b41-0d230d1ddd0c,J4W7CV,45,0.0,,35.071935,42,saved_match,2026-04-25 08:09:13.170674,12,"Lab RGB(80,55,127)",lab,1,1,0,3,0,1.0,True,5.0,0.9502705392332347,3,0.0,3.5855151391655076,3.7612001156935624,13.815509557935018,1,1
5c0c1131-38db-4525-9a11-dc80dd294cca,J4W7CV,45,0.0,,6.765862,8,saved_match,2026-04-26 04:27:27.483511,13,"Lab RGB(80,55,127)",lab,1,1,0,3,0,1.0,True,5.0,0.9502705392332347,3,0.0,2.0497374613859463,2.1972245773362196,13.815509557935018,1,1
64c6fcf0-2146-4ca9-a213-257c08975c0c,J4W7CV,45,0.0,,9.350903,13,saved_match,2026-04-26 05:06:00.473775,14,"Lab RGB(80,55,127)",lab,1,1,0,3,0,1.0,True,5.0,0.9502705392332347,3,0.0,2.337073762282446,2.6390573296152584,13.815509557935018,1,1
23684deb-a7a9-4bf9-bc58-64037e89987c,J4W7CV,48,7.311262731950169,,40.810227,38,reset,2026-04-24 21:02:46.731576,1,"Lab RGB(102,66,103)",lab,1,1,0,2,0,0.9,False,4.0,1.0397207708399179,3,2.1176115506268927,3.7331409746768633,3.6635616461296463,2.1972245773362196,0,0
5491a462-8ccf-4ac3-aee9-f85a42a5dc4c,J4W7CV,48,4.733924614645827,,53.384688,48,reset,2026-04-24 21:03:27.627062,2,"Lab RGB(102,66,103)",lab,1,1,0,2,0,0.9375,False,4.0,1.0397207708399179,3,1.7464002202951987,3.9960826436533807,3.8918202981106265,2.70805020110221,0,0
14d318ca-bed8-4c03-9176-37c641de50ff,J4W7CV,48,4.733924614645827,,39.701253,35,skipped,2026-04-24 21:04:21.255695,3,"Lab RGB(102,66,103)",lab,1,1,0,2,0,0.9375,False,4.0,1.0397207708399179,3,1.7464002202951987,3.706258878215449,3.58351893845611,2.70805020110221,0,0
03b1e1b1-f576-4650-9a71-48d0def143c0,J4W7CV,48,0.0,,4.903299,5,saved_match,2026-04-25 03:57:45.010183,4,"Lab RGB(102,66,103)",lab,1,1,0,2,0,1.0,True,4.0,1.0397207708399179,3,0.0,1.7755113471865127,1.791759469228055,13.815509557935018,1,1
cf47094a-01b4-4463-98d1-23340c9d149f,J4W7CV,48,0.0,,13.725375,13,saved_match,2026-04-25 04:00:24.494311,5,"Lab RGB(102,66,103)",lab,1,1,0,2,0,1.0,True,4.0,1.0397207708399179,3,0.0,2.6895721961064134,2.6390573296152584,13.815509557935018,1,1
37bcb192-ba83-45f7-9955-36d0ddcb139e,J4W7CV,48,0.0,,4.562116,5,saved_match,2026-04-25 05:21:24.131544,6,"Lab RGB(102,66,103)",lab,1,1,0,2,0,1.0,True,4.0,1.0397207708399179,3,0.0,1.7159786114015574,1.791759469228055,13.815509557935018,1,1
88bab21d-8050-41ed-88ee-c8c49f1fa41f,J4W7CV,48,0.0,,3.030662,5,saved_match,2026-04-25 05:22:10.049220,7,"Lab RGB(102,66,103)",lab,1,1,0,2,0,1.0,True,4.0,1.0397207708399179,3,0.0,1.3939306304581571,1.791759469228055,13.815509557935018,1,1
1ee39107-c890-45c1-ba06-eae92735a560,J4W7CV,48,0.0,,4.006587,5,saved_match,2026-04-25 05:37:29.350179,8,"Lab RGB(102,66,103)",lab,1,1,0,2,0,1.0,True,4.0,1.0397207708399179,3,0.0,1.6107544454241027,1.791759469228055,13.815509557935018,1,1
2f200b5b-b7cc-455b-a31a-9f4012185a3d,J4W7CV,48,0.0,,2.651021,5,saved_match,2026-04-25 05:39:09.303034,9,"Lab RGB(102,66,103)",lab,1,1,0,2,0,1.0,True,4.0,1.0397207708399179,3,0.0,1.2950068545057665,1.791759469228055,13.815509557935018,1,1
4d845989-6fee-44be-8c78-2e284f2ac1da,J4W7CV,48,0.0,,2.344567,5,saved_match,2026-04-25 05:40:02.919030,10,"Lab RGB(102,66,103)",lab,1,1,0,2,0,1.0,True,4.0,1.0397207708399179,3,0.0,1.2073372382654892,1.791759469228055,13.815509557935018,1,1
1bea448a-a432-4c6c-9427-b3bdbb46139d,J4W7CV,48,0.0,,2.652378,5,saved_match,2026-04-25 05:40:41.771991,11,"Lab RGB(102,66,103)",lab,1,1,0,2,0,1.0,True,4.0,1.0397207708399179,3,0.0,1.2953784623052627,1.791759469228055,13.815509557935018,1,1
3150c378-8956-4f42-9487-70578ffd5901,J4W7CV,48,0.0,,2.36321,5,saved_match,2026-04-25 05:42:08.241873,12,"Lab RGB(102,66,103)",lab,1,1,0,2,0,1.0,True,4.0,1.0397207708399179,3,0.0,1.2128958750547805,1.791759469228055,13.815509557935018,1,1
7a9d93a0-77af-4d35-9b70-2af9fd5f4e11,J4W7CV,48,0.0,,2.201393,5,saved_match,2026-04-25 05:48:10.440078,13,"Lab RGB(102,66,103)",lab,1,1,0,2,0,1.0,True,4.0,1.0397207708399179,3,0.0,1.1635860275846823,1.791759469228055,13.815509557935018,1,1
5130ad2b-0bfa-4a8f-b9a3-73997e5f336f,J4W7CV,48,0.0,,3.188683,7,saved_match,2026-04-25 05:48:53.508787,14,"Lab RGB(102,66,103)",lab,1,1,0,2,0,1.0,True,4.0,1.0397207708399179,3,0.0,1.4323863647161523,2.0794415416798357,13.815509557935018,1,1
46e3f4fe-6a99-4459-bfa6-1ee4176023e4,J4W7CV,48,0.0,,3.342095,5,saved_match,2026-04-25 05:49:23.069032,15,"Lab RGB(102,66,103)",lab,1,1,0,2,0,1.0,True,4.0,1.0397207708399179,3,0.0,1.4683569505350378,1.791759469228055,13.815509557935018,1,1
bfc28966-9d06-4c23-b9f3-6e3a78b6e973,J4W7CV,49,0.0,,2.470968,4,saved_match,2026-04-24 20:39:31.185300,1,"Lab RGB(255,146,29)",lab,1,2,0,0,0,1.0,True,3.0,0.6365141682948128,2,0.0,1.2444335175919774,1.6094379124341003,13.815509557935018,1,1
0d2ecb5c-9bc8-431a-88c7-d79671b2a885,J4W7CV,49,0.0,,3.002303,4,saved_match,2026-04-24 21:02:32.982604,2,"Lab RGB(255,146,29)",lab,1,2,0,0,0,1.0,True,3.0,0.6365141682948128,2,0.0,1.38686994543945,1.6094379124341003,13.815509557935018,1,1
32e7b212-a0f9-41ba-a815-b7519cffba72,J4W7CV,49,0.0,,3.079456,4,saved_match,2026-04-25 03:54:23.901492,3,"Lab RGB(255,146,29)",lab,1,2,0,0,0,1.0,True,3.0,0.6365141682948128,2,0.0,1.4059636461930578,1.6094379124341003,13.815509557935018,1,1
3e3b1f6d-f0da-4d32-af15-ec1ed3e86f07,J4W7CV,49,0.0,,1.935754,4,saved_match,2026-04-25 03:56:45.705236,4,"Lab RGB(255,146,29)",lab,1,2,0,0,0,1.0,True,3.0,0.6365141682948128,2,0.0,1.0769643197759633,1.6094379124341003,13.815509557935018,1,1
54cc5811-314b-4eff-8bea-0dc504fe69ba,J4W7CV,49,0.0,,2.175992,4,saved_match,2026-04-25 04:00:08.169909,5,"Lab RGB(255,146,29)",lab,1,2,0,0,0,1.0,True,3.0,0.6365141682948128,2,0.0,1.1556200244900292,1.6094379124341003,13.815509557935018,1,1
6f6c2b96-baa1-4dfd-b853-9601f42e2079,J4W7CV,49,0.0,,2.136728,4,saved_match,2026-04-25 05:21:21.028207,6,"Lab RGB(255,146,29)",lab,1,2,0,0,0,1.0,True,3.0,0.6365141682948128,2,0.0,1.1431802184043207,1.6094379124341003,13.815509557935018,1,1
dd4abf9a-d0d7-496f-a65a-0adb351f7871,J4W7CV,49,0.0,,2.139736,4,saved_match,2026-04-25 05:22:06.344070,7,"Lab RGB(255,146,29)",lab,1,2,0,0,0,1.0,True,3.0,0.6365141682948128,2,0.0,1.1441387199524196,1.6094379124341003,13.815509557935018,1,1
77f9f21d-2ea1-40fc-8064-9dbca3fc9c0b,J4W7CV,49,0.0,,1.722432,4,saved_match,2026-04-25 05:22:45.530869,8,"Lab RGB(255,146,29)",lab,1,2,0,0,0,1.0,True,3.0,0.6365141682948128,2,0.0,1.001525598469888,1.6094379124341003,13.815509557935018,1,1
a9663c94-2bed-4422-acc2-501303f1e243,J4W7CV,49,0.0,,2.039079,4,saved_match,2026-04-25 05:40:52.528898,9,"Lab RGB(255,146,29)",lab,1,2,0,0,0,1.0,True,3.0,0.6365141682948128,2,0.0,1.1115545089900032,1.6094379124341003,13.815509557935018,1,1
80371d72-382e-4726-977c-da92d7b8c0b9,J4W7CV,49,0.0,,2.102155,4,saved_match,2026-04-25 05:41:17.295606,10,"Lab RGB(255,146,29)",lab,1,2,0,0,0,1.0,True,3.0,0.6365141682948128,2,0.0,1.1320970312687337,1.6094379124341003,13.815509557935018,1,1
41b2866e-2efe-42f4-8844-27b1acd247b7,J4W7CV,49,0.0,,1.762126,4,saved_match,2026-04-25 05:42:11.320281,11,"Lab RGB(255,146,29)",lab,1,2,0,0,0,1.0,True,3.0,0.6365141682948128,2,0.0,1.0160006730631623,1.6094379124341003,13.815509557935018,1,1
96401dca-6106-4ba6-8f00-7c7ec4999519,J4W7CV,49,0.0,,5.440122,4,saved_match,2026-04-25 05:48:33.884519,12,"Lab RGB(255,146,29)",lab,1,2,0,0,0,1.0,True,3.0,0.6365141682948128,2,0.0,1.862547484036204,1.6094379124341003,13.815509557935018,1,1
622d0677-70b3-454a-86c1-35dec98f0439,J4W7CV,49,0.0,,2.818002,4,saved_match,2026-04-25 05:48:47.561808,13,"Lab RGB(255,146,29)",lab,1,2,0,0,0,1.0,True,3.0,0.6365141682948128,2,0.0,1.3397272491378869,1.6094379124341003,13.815509557935018,1,1
8e614069-b305-4708-88f4-c08d6bdafd5c,J4W7CV,49,0.0,,2.226316,4,saved_match,2026-04-25 05:49:32.238278,14,"Lab RGB(255,146,29)",lab,1,2,0,0,0,1.0,True,3.0,0.6365141682948128,2,0.0,1.171340929028578,1.6094379124341003,13.815509557935018,1,1
766af28b-6208-404c-aaa4-b1fac27f9cb0,J4W7CV,49,0.0,,1.585047,4,saved_match,2026-04-25 05:50:08.308157,15,"Lab RGB(255,146,29)",lab,1,2,0,0,0,1.0,True,3.0,0.6365141682948128,2,0.0,0.949743689613287,1.6094379124341003,13.815509557935018,1,1
c7fa6985-22d3-48a4-8b6e-1a35f2f67f74,J4W7CV,51,0.0,,6.309165,11,saved_match,2026-04-24 20:39:09.216791,1,"Lab RGB(145,205,51)",lab,0,3,0,1,0,1.0,True,4.0,0.5623351446188083,2,0.0,1.9891290401510935,2.4849066497880004,13.815509557935018,1,1
5c4f6695-503a-4838-877d-f15c5eb23d30,J4W7CV,51,0.0,,3.409146,5,saved_match,2026-04-24 21:02:25.331116,2,"Lab RGB(145,205,51)",lab,0,3,0,1,0,1.0,True,4.0,0.5623351446188083,2,0.0,1.4836810199123678,1.791759469228055,13.815509557935018,1,1
b3264d60-6291-4c0a-b53e-b5a154903c6b,J4W7CV,51,0.0,,2.583914,5,saved_match,2026-04-25 03:55:22.170782,3,"Lab RGB(145,205,51)",lab,0,3,0,1,0,1.0,True,4.0,0.5623351446188083,2,0.0,1.2764554992890722,1.791759469228055,13.815509557935018,1,1
e5a7bfaf-c435-4fe1-8ff4-b815bbce1f99,J4W7CV,51,0.0,,5.297394,5,saved_match,2026-04-25 03:57:34.208774,4,"Lab RGB(145,205,51)",lab,0,3,0,1,0,1.0,True,4.0,0.5623351446188083,2,0.0,1.8401358970267465,1.791759469228055,13.815509557935018,1,1
956caab0-1916-4077-bb32-56f56a300872,J4W7CV,51,0.0,,3.200324,5,saved_match,2026-04-25 04:00:43.909177,5,"Lab RGB(145,205,51)",lab,0,3,0,1,0,1.0,True,4.0,0.5623351446188083,2,0.0,1.4351616651711083,1.791759469228055,13.815509557935018,1,1
3c4eb5be-e268-4c70-b1dc-6ce29a506940,J4W7CV,51,0.0,,3.881733,5,saved_match,2026-04-25 05:20:29.335934,6,"Lab RGB(145,205,51)",lab,0,3,0,1,0,1.0,True,4.0,0.5623351446188083,2,0.0,1.585500279774645,1.791759469228055,13.815509557935018,1,1
447be955-ee20-4d51-b201-1ce60a7e0892,J4W7CV,51,0.0,,4.582303,11,saved_match,2026-04-25 05:22:26.411583,7,"Lab RGB(145,205,51)",lab,0,3,0,1,0,1.0,True,4.0,0.5623351446188083,2,0.0,1.7196014152604278,2.4849066497880004,13.815509557935018,1,1
ccecde52-fea1-4e5f-a0f6-769c4e24da68,J4W7CV,51,0.0,,3.104257,7,saved_match,2026-04-25 05:22:41.485171,8,"Lab RGB(145,205,51)",lab,0,3,0,1,0,1.0,True,4.0,0.5623351446188083,2,0.0,1.412024727740162,2.0794415416798357,13.815509557935018,1,1
e10ef5bc-aebb-49a3-9cac-c95023aa95a9,J4W7CV,51,0.0,,4.728815,9,saved_match,2026-04-25 05:39:30.697764,9,"Lab RGB(145,205,51)",lab,0,3,0,1,0,1.0,True,4.0,0.5623351446188083,2,0.0,1.7455087030565577,2.302585092994046,13.815509557935018,1,1
61959ea3-1e70-4313-9727-fcafebeb05f4,J4W7CV,51,0.0,,3.248149,7,saved_match,2026-04-25 05:40:45.062926,10,"Lab RGB(145,205,51)",lab,0,3,0,1,0,1.0,True,4.0,0.5623351446188083,2,0.0,1.4464833586540795,2.0794415416798357,13.815509557935018,1,1
83983e3d-e44c-4e97-b4c0-24cafbab34be,J4W7CV,51,0.0,,2.826432,5,saved_match,2026-04-25 05:41:20.612756,11,"Lab RGB(145,205,51)",lab,0,3,0,1,0,1.0,True,4.0,0.5623351446188083,2,0.0,1.3419327763011029,1.791759469228055,13.815509557935018,1,1
f1328ec6-c195-4343-951b-0f47adfa940c,J4W7CV,51,0.0,,7.570332,11,saved_match,2026-04-25 05:41:44.235997,12,"Lab RGB(145,205,51)",lab,0,3,0,1,0,1.0,True,4.0,0.5623351446188083,2,0.0,2.148306471649287,2.4849066497880004,13.815509557935018,1,1
ac50b30d-4469-4396-8c25-65f14dacb646,J4W7CV,51,0.0,,2.289956,5,saved_match,2026-04-25 05:48:20.499656,13,"Lab RGB(145,205,51)",lab,0,3,0,1,0,1.0,True,4.0,0.5623351446188083,2,0.0,1.1908741908276672,1.791759469228055,13.815509557935018,1,1
b06f43d5-6cca-49e1-9b6e-18a1516ee4be,J4W7CV,51,0.0,,2.529901,5,saved_match,2026-04-25 05:48:44.265929,14,"Lab RGB(145,205,51)",lab,0,3,0,1,0,1.0,True,4.0,0.5623351446188083,2,0.0,1.261269825226149,1.791759469228055,13.815509557935018,1,1
4619b2e5-40a2-4e55-8893-9dd7ef7f19e9,J4W7CV,51,0.0,,2.419973,5,saved_match,2026-04-25 05:49:15.845373,15,"Lab RGB(145,205,51)",lab,0,3,0,1,0,1.0,True,4.0,0.5623351446188083,2,0.0,1.229632656306508,1.791759469228055,13.815509557935018,1,1
f6489d6c-290a-4725-a5d3-66210f8d54d4,J4W7CV,52,0.0,,5.100656,6,saved_match,2026-04-25 06:02:57.887711,1,"Lab RGB(195,146,130)",lab,1,1,2,1,0,1.0,True,5.0,1.3321790402101223,4,0.0,1.808396306380755,1.9459101490553132,13.815509557935018,1,1
add2bbd1-6377-4f98-852f-5af29f1f2dd5,J4W7CV,52,0.0,,7.144681,6,saved_match,2026-04-25 06:04:21.596064,2,"Lab RGB(195,146,130)",lab,1,1,2,1,0,1.0,True,5.0,1.3321790402101223,4,0.0,2.097365076155052,1.9459101490553132,13.815509557935018,1,1
5940c726-4ad7-4534-bdb0-bf204b75fa39,J4W7CV,52,0.0,,4.174351,6,saved_match,2026-04-25 06:05:45.972496,3,"Lab RGB(195,146,130)",lab,1,1,2,1,0,1.0,True,5.0,1.3321790402101223,4,0.0,1.6437139206588431,1.9459101490553132,13.815509557935018,1,1
f00369e3-e32f-4564-a696-4e5d7d66ced5,J4W7CV,52,0.0,,4.812464,6,saved_match,2026-04-25 06:07:52.129054,4,"Lab RGB(195,146,130)",lab,1,1,2,1,0,1.0,True,5.0,1.3321790402101223,4,0.0,1.7600045773459077,1.9459101490553132,13.815509557935018,1,1
4a372559-2e5f-4d6e-848f-c55aabb89acb,J4W7CV,52,0.0,,4.515253,6,saved_match,2026-04-25 06:13:40.478737,5,"Lab RGB(195,146,130)",lab,1,1,2,1,0,1.0,True,5.0,1.3321790402101223,4,0.0,1.707517526539918,1.9459101490553132,13.815509557935018,1,1
0ae50b0b-0e9c-48e2-8ef2-88115511588f,J4W7CV,52,0.0,,3.713939,6,saved_match,2026-04-25 06:16:29.593949,6,"Lab RGB(195,146,130)",lab,1,1,2,1,0,1.0,True,5.0,1.3321790402101223,4,0.0,1.5505238642520218,1.9459101490553132,13.815509557935018,1,1
a3c60e50-01b5-406d-9830-07d0aa1fab9c,J4W7CV,52,0.0,,4.427148,6,saved_match,2026-04-25 06:19:37.877922,7,"Lab RGB(195,146,130)",lab,1,1,2,1,0,1.0,True,5.0,1.3321790402101223,4,0.0,1.691413765761566,1.9459101490553132,13.815509557935018,1,1
b0b44b52-f3b2-4e42-9908-50b34f928a9c,J4W7CV,52,0.0,,3.232325,6,saved_match,2026-04-25 06:21:00.559559,8,"Lab RGB(195,146,130)",lab,1,1,2,1,0,1.0,True,5.0,1.3321790402101223,4,0.0,1.4427514874485583,1.9459101490553132,13.815509557935018,1,1
26b6ece8-41b2-41ba-9a04-2f78b67824fe,J4W7CV,52,0.0,,3.716917,6,saved_match,2026-04-25 06:21:21.582746,9,"Lab RGB(195,146,130)",lab,1,1,2,1,0,1.0,True,5.0,1.3321790402101223,4,0.0,1.5511554082176982,1.9459101490553132,13.815509557935018,1,1
ed6b6494-d2e7-424c-b28e-1263c015f927,J4W7CV,52,0.0,,3.941577,6,saved_match,2026-04-25 06:23:24.426316,10,"Lab RGB(195,146,130)",lab,1,1,2,1,0,1.0,True,5.0,1.3321790402101223,4,0.0,1.5976845110257614,1.9459101490553132,13.815509557935018,1,1
4e3d5586-6d70-492d-874c-025c5f4a64d0,J4W7CV,52,0.0,,4.008245,8,saved_match,2026-04-25 06:25:35.813165,11,"Lab RGB(195,146,130)",lab,1,1,2,1,0,1.0,True,5.0,1.3321790402101223,4,0.0,1.6110855543264084,2.1972245773362196,13.815509557935018,1,1
8b290555-dcfd-4ff6-bff0-41c7d3dcd71a,J4W7CV,52,0.0,,4.389159,6,saved_match,2026-04-26 04:25:33.694066,12,"Lab RGB(195,146,130)",lab,1,1,2,1,0,1.0,True,5.0,1.3321790402101223,4,0.0,1.684389343062407,1.9459101490553132,13.815509557935018,1,1
ddc3aacd-1be6-4643-beee-fc352079b1e0,J4W7CV,52,0.0,,3.660033,6,saved_match,2026-04-26 05:06:32.883028,13,"Lab RGB(195,146,130)",lab,1,1,2,1,0,1.0,True,5.0,1.3321790402101223,4,0.0,1.5390225296575448,1.9459101490553132,13.815509557935018,1,1
0694183f-3780-467e-8f47-4c17dd22f16d,J4W7CV,53,0.0,,10.106851,13,saved_match,2026-04-24 20:39:19.760258,1,"Lab RGB(255,173,59)",lab,1,2,1,0,0,1.0,True,4.0,1.0397207708399179,3,0.0,2.407562125131465,2.6390573296152584,13.815509557935018,1,1
c1ebebf4-c2f0-47cf-9851-61974ab90551,J4W7CV,53,1.762645878177024,,39.909352,29,skipped,2026-04-25 03:54:42.005652,2,"Lab RGB(255,173,59)",lab,1,2,1,0,0,0.875,False,4.0,1.0397207708399179,3,1.016188872029571,3.7113586921678507,3.4011973816621555,1.9459101490553132,0,0
9ace210d-6bf5-4a2a-86cb-4d7e2a2618cb,J4W7CV,53,0.0,,19.106869,23,saved_match,2026-04-25 03:56:04.128423,3,"Lab RGB(255,173,59)",lab,1,2,1,0,0,1.0,True,4.0,1.0397207708399179,3,0.0,3.0010614979783066,3.1780538303479458,13.815509557935018,1,1
0f6dee32-044f-4b05-af46-a6c04b811e8f,J4W7CV,53,3.5585739223578248,,105.92572,111,skipped,2026-04-25 03:58:21.942272,4,"Lab RGB(255,173,59)",lab,1,2,1,0,0,0.875,False,4.0,1.0397207708399179,3,1.5170098382890538,4.672134387782141,4.718498871295094,1.9459101490553132,0,0
ddbf82af-2e73-4d2a-86bb-0397514c6682,J4W7CV,53,0.7289428693721545,,35.836939,35,skipped,2026-04-25 05:20:44.847886,5,"Lab RGB(255,173,59)",lab,1,2,1,0,0,0.95,False,4.0,1.0397207708399179,3,0.5475101635711719,3.6065011189013623,3.58351893845611,2.9444389791664394,0,0
82a63b6d-2adb-49b7-852c-6413fcdae937,J4W7CV,53,2.89349123800466,,21.122033,22,skipped,2026-04-25 05:21:44.893946,6,"Lab RGB(255,173,59)",lab,1,2,1,0,0,0.8333333333333334,False,4.0,1.0397207708399179,3,1.3593062456162062,3.0965740802066417,3.1354942159291497,1.6094379124341007,0,0
8a1232fc-b15b-42f0-9110-d7fc9cca7d3e,J4W7CV,53,0.0,,11.284711,13,saved_match,2026-04-25 05:22:48.194322,7,"Lab RGB(255,173,59)",lab,1,2,1,0,0,1.0,True,4.0,1.0397207708399179,3,0.0,2.5083554810729094,2.6390573296152584,13.815509557935018,1,1
4638e3ad-b1d6-4776-aa79-e24ece3544f0,J4W7CV,53,0.0,,15.544129,17,saved_match,2026-04-25 05:37:06.762050,8,"Lab RGB(255,173,59)",lab,1,2,1,0,0,1.0,True,4.0,1.0397207708399179,3,0.0,2.8060312956844005,2.8903717578961645,13.815509557935018,1,1
80986c1c-02fd-4f7c-b25d-f5a0dc0f40af,J4W7CV,53,0.0,,4.270824,7,saved_match,2026-04-25 05:39:19.645166,9,"Lab RGB(255,173,59)",lab,1,2,1,0,0,1.0,True,4.0,1.0397207708399179,3,0.0,1.6621867070670735,2.0794415416798357,13.815509557935018,1,1
9c23c0de-2782-423a-b4d2-55a96e89308c,J4W7CV,53,0.0,,3.65488,7,saved_match,2026-04-25 05:39:47.923417,10,"Lab RGB(255,173,59)",lab,1,2,1,0,0,1.0,True,4.0,1.0397207708399179,3,0.0,1.5379161316642076,2.0794415416798357,13.815509557935018,1,1
018555d5-4fac-4e17-ac5b-5cd6b98aa7d6,J4W7CV,53,0.0,,2.989398,5,saved_match,2026-04-25 05:41:28.984625,11,"Lab RGB(255,173,59)",lab,1,2,1,0,0,1.0,True,4.0,1.0397207708399179,3,0.0,1.383640342325681,1.791759469228055,13.815509557935018,1,1
416e547d-16a1-4ead-b65e-f8bd52cb261c,J4W7CV,53,0.0,,4.435042,7,saved_match,2026-04-25 05:41:52.534770,12,"Lab RGB(255,173,59)",lab,1,2,1,0,0,1.0,True,4.0,1.0397207708399179,3,0.0,1.6928672482342066,2.0794415416798357,13.815509557935018,1,1
d32153ec-d21e-4849-a183-a3b41e8cd314,J4W7CV,53,0.0,,4.16265,7,saved_match,2026-04-25 05:48:23.562779,13,"Lab RGB(255,173,59)",lab,1,2,1,0,0,1.0,True,4.0,1.0397207708399179,3,0.0,1.6414500135551153,2.0794415416798357,13.815509557935018,1,1
e8dd66a3-2471-40ee-89d8-054fe9db3f5f,J4W7CV,53,0.0,,3.78927,7,saved_match,2026-04-25 05:49:06.697276,14,"Lab RGB(255,173,59)",lab,1,2,1,0,0,1.0,True,4.0,1.0397207708399179,3,0.0,1.5663779989735636,2.0794415416798357,13.815509557935018,1,1
ac29d971-def8-42ab-bcaf-50a12dab5b72,J4W7CV,53,0.0,,3.057128,5,saved_match,2026-04-25 05:49:37.362945,15,"Lab RGB(255,173,59)",lab,1,2,1,0,0,1.0,True,4.0,1.0397207708399179,3,0.0,1.4004753341333112,1.791759469228055,13.815509557935018,1,1
